{"accuracy": [0.6184365749359131, 0.8670318126678467, 0.9172629714012146, 0.9411053657531738, 0.9562415480613708, 0.9656590223312378, 0.9710932374000549, 0.9765843749046326, 0.9793726205825806, 0.9825734496116638], "loss": [1.3003122806549072, 0.4249401390552521, 0.25418993830680847, 0.18094639480113983, 0.13448350131511688, 0.10455308854579926, 0.08939370512962341, 0.07428628206253052, 0.06346384435892105, 0.053559642285108566], "val_accuracy": [0.8019007444381714, 0.9008080959320068, 0.9425790905952454, 0.9468472599983215, 0.9601638913154602, 0.952595055103302, 0.9606760740280151, 0.9617573618888855, 0.9643751382827759, 0.9697814583778381], "val_loss": [0.620358943939209, 0.3077324330806732, 0.1767287403345108, 0.16207177937030792, 0.1248081848025322, 0.16260847449302673, 0.12488287687301636, 0.12969084084033966, 0.11661111563444138, 0.10518982261419296]}